A,C,G,T,variance,sample,base,count
0,1,0,240,0.004149377593360981,Rhpor A,t,1
0,0,1,266,0.0037453183520599342,Rhpor A,t,10
275,0,1,0,0.0036231884057971175,Rhpor A,a,25
0,1,306,0,0.0032573289902280145,Rhpor A,g,26
1,309,0,0,0.003225806451612856,Rhpor A,c,29
0,355,0,1,0.002808988764044895,Rhpor A,c,62
1,356,0,0,0.0028011204481792618,Rhpor A,c,63
0,1,0,351,0.0028409090909090606,Rhpor A,t,64
0,1,0,361,0.002762430939226568,Rhpor A,t,74
0,344,0,2,0.005780346820809301,Rhpor A,c,77
0,0,350,1,0.002849002849002802,Rhpor A,g,78
0,0,2,298,0.00666666666666671,Rhpor A,t,81
0,1,0,332,0.0030030030030030463,Rhpor A,t,113
0,324,1,0,0.003076923076923088,Rhpor A,c,118
0,1,323,0,0.0030864197530864335,Rhpor A,g,122
0,1,320,0,0.0031152647975077885,Rhpor A,g,131
1,0,324,0,0.003076923076923088,Rhpor A,g,133
0,340,1,0,0.0029325513196480912,Rhpor A,c,147
0,1,0,315,0.0031645569620253333,Rhpor A,t,149
0,1,0,340,0.0029325513196480912,Rhpor A,t,160
0,1,347,0,0.002873563218390829,Rhpor A,g,171
1,0,357,0,0.0027932960893854997,Rhpor A,g,177
321,358,0,0,0.4727540500736377,Rhpor A,c,186
10,0,0,336,0.028901734104046284,Rhpor A,t,189
10,0,343,1,0.031073446327683607,Rhpor A,g,191
276,0,9,330,0.46341463414634143,Rhpor A,t,192
0,1,0,377,0.002645502645502673,Rhpor A,t,201
1,408,0,0,0.0024449877750610804,Rhpor A,c,214
0,1,0,415,0.0024038461538461453,Rhpor A,t,221
0,406,0,1,0.002457002457002422,Rhpor A,c,224
0,1,420,0,0.002375296912114022,Rhpor A,g,225
0,431,0,1,0.0023148148148147696,Rhpor A,c,227
1,0,0,439,0.002272727272727315,Rhpor A,t,229
1,1,0,467,0.004264392324093813,Rhpor A,t,264
0,457,0,1,0.0021834061135370675,Rhpor A,c,271
1,473,0,0,0.002109704641350185,Rhpor A,c,278
1,0,466,0,0.0021413276231263545,Rhpor A,g,280
0,1,0,488,0.002044989775051076,Rhpor A,t,295
2,0,446,0,0.004464285714285698,Rhpor A,g,302
0,1,0,434,0.0022988505747126853,Rhpor A,t,316
1,0,0,415,0.0024038461538461453,Rhpor A,t,320
1,0,0,425,0.0023474178403756207,Rhpor A,t,323
0,421,1,1,0.004728132387706863,Rhpor A,c,325
1,0,418,0,0.0023866348448687846,Rhpor A,g,327
1,0,392,0,0.0025445292620864812,Rhpor A,g,331
0,1,0,403,0.0024752475247524774,Rhpor A,t,340
0,1,398,0,0.0025062656641604564,Rhpor A,g,345
0,381,0,1,0.002617801047120394,Rhpor A,c,354
1,389,0,0,0.002564102564102555,Rhpor A,c,358
0,0,1,390,0.002557544757033292,Rhpor A,t,360
0,276,333,0,0.45320197044334976,Rhpor A,g,387
NA,NA,NA,NA,NA,NA,NA,NA
NA,NA,NA,NA,NA,NA,NA,NA
0,307,0,2,0.006472491909385147,Rhpor A,c,398
1,0,316,0,0.003154574132492094,Rhpor A,g,401
0,317,1,0,0.0031446540880503138,Rhpor A,c,425
0,0,329,1,0.00303030303030305,Rhpor A,g,426
0,1,0,326,0.003058103975535187,Rhpor A,t,439
0,1,0,358,0.0027855153203342198,Rhpor A,t,448
0,1,391,0,0.0025510204081632404,Rhpor A,g,460
0,386,1,0,0.0025839793281653423,Rhpor A,c,467
1,396,0,0,0.0025188916876573986,Rhpor A,c,477
0,430,0,1,0.002320185614849146,Rhpor A,c,482
0,488,0,1,0.002044989775051076,Rhpor A,c,512
0,1,0,268,0.0037174721189591198,Rhme A,t,11
0,260,2,0,0.007633587786259555,Rhme A,c,21
1,220,0,1,0.009009009009009028,Rhme A,c,36
0,1,0,212,0.0046948356807511304,Rhme A,t,43
1,220,0,0,0.004524886877828038,Rhme A,c,47
0,208,0,1,0.004784688995215336,Rhme A,c,58
1,0,197,0,0.005050505050505083,Rhme A,g,76
1,0,190,0,0.005235602094240788,Rhme A,g,80
0,0,2,159,0.012422360248447228,Rhme A,t,81
1,0,168,0,0.00591715976331364,Rhme A,g,88
0,151,0,1,0.006578947368421018,Rhme A,c,134
0,1,0,190,0.005235602094240788,Rhme A,t,149
1,0,0,200,0.00497512437810943,Rhme A,t,155
0,0,1,213,0.004672897196261627,Rhme A,t,167
0,220,0,1,0.004524886877828038,Rhme A,c,170
0,1,0,226,0.004405286343612369,Rhme A,t,172
0,0,259,1,0.0038461538461538325,Rhme A,g,191
238,0,0,254,0.483739837398374,Rhme A,t,192
0,286,0,1,0.0034843205574912606,Rhme A,c,206
0,1,0,313,0.0031847133757961776,Rhme A,t,250
1,0,0,323,0.0030864197530864335,Rhme A,t,255
0,1,0,318,0.0031347962382445305,Rhme A,t,264
0,323,0,1,0.0030864197530864335,Rhme A,c,271
0,1,0,317,0.0031446540880503138,Rhme A,t,288
1,0,316,0,0.003154574132492094,Rhme A,g,290
0,289,0,1,0.0034482758620689724,Rhme A,c,310
0,289,0,1,0.0034482758620689724,Rhme A,c,314
0,281,0,2,0.007067137809187329,Rhme A,c,317
0,1,0,274,0.0036363636363636598,Rhme A,t,323
1,1,272,0,0.007299270072992692,Rhme A,g,326
1,0,265,1,0.0074906367041198685,Rhme A,g,327
0,0,255,1,0.00390625,Rhme A,g,331
1,0,270,0,0.0036900369003689537,Rhme A,g,335
0,0,236,1,0.00421940928270037,Rhme A,g,353
0,235,0,1,0.004237288135593209,Rhme A,c,354
0,1,0,247,0.0040322580645161255,Rhme A,t,378
1,228,0,0,0.004366812227074246,Rhme A,c,386
0,193,226,0,0.4606205250596659,Rhme A,g,387
NA,NA,NA,NA,NA,NA,NA,NA
NA,NA,NA,NA,NA,NA,NA,NA
NA,NA,NA,NA,NA,NA,NA,NA
0,1,0,299,0.0033333333333332993,Rhme A,t,451
0,312,0,1,0.0031948881789137795,Rhme A,c,456
0,298,0,1,0.0033444816053511683,Rhme A,c,477
0,1,306,0,0.0032573289902280145,Rhme A,g,480
0,1,0,332,0.0030030030030030463,Rhme A,t,496
0,1,0,335,0.0029761904761904656,Rhme A,t,507
1,333,0,0,0.0029940119760478723,Rhme A,c,512
0,0,587,1,0.00170068027210879,Rhpol A,g,2
0,0,584,1,0.0017094017094017033,Rhpol A,g,8
0,0,8,467,0.01684210526315788,Rhpol A,t,10
1,0,0,543,0.0018382352941176405,Rhpol A,t,11
0,552,9,0,0.016042780748663055,Rhpol A,c,21
1,0,530,0,0.0018832391713747842,Rhpol A,g,25
1,1,528,0,0.0037735849056603765,Rhpol A,g,26
0,458,5,0,0.010799136069114423,Rhpol A,c,27
0,493,1,0,0.002024291497975672,Rhpol A,c,30
0,2,454,0,0.004385964912280715,Rhpol A,g,31
1,0,473,0,0.002109704641350185,Rhpol A,g,32
0,0,1,502,0.001988071570576566,Rhpol A,t,54
1,0,523,0,0.001908396946564861,Rhpol A,g,75
0,516,0,1,0.0019342359767892114,Rhpol A,c,77
0,0,4,453,0.008752735229759279,Rhpol A,t,81
0,488,1,0,0.002044989775051076,Rhpol A,c,82
0,493,0,1,0.002024291497975672,Rhpol A,c,91
1,0,485,0,0.002057613168724326,Rhpol A,g,92
1,0,481,0,0.0020746887966804906,Rhpol A,g,102
0,510,0,1,0.00195694716242667,Rhpol A,c,107
1,0,533,0,0.0018726591760299671,Rhpol A,g,126
1,548,0,0,0.0018214936247723523,Rhpol A,c,130
1,0,529,0,0.0018867924528301883,Rhpol A,g,131
0,614,0,1,0.001626016260162566,Rhpol A,c,147
0,1,0,604,0.0016528925619834212,Rhpol A,t,149
1,0,0,658,0.0015174506828528056,Rhpol A,t,163
0,0,1,653,0.001529051987767538,Rhpol A,t,167
0,655,1,0,0.0015243902439023849,Rhpol A,c,170
0,0,668,1,0.001494768310911776,Rhpol A,g,177
1,734,1,0,0.0027173913043477826,Rhpol A,c,203
0,746,0,1,0.0013386880856760541,Rhpol A,c,209
1,0,750,0,0.0013315579227696217,Rhpol A,g,225
0,751,0,1,0.0013297872340425343,Rhpol A,c,227
0,735,0,1,0.0013586956521739468,Rhpol A,c,240
0,730,0,1,0.001367989056087593,Rhpol A,c,245
0,1,0,730,0.001367989056087593,Rhpol A,t,250
1,0,719,0,0.001388888888888884,Rhpol A,g,251
0,1,0,696,0.0014347202295552641,Rhpol A,t,264
0,1,698,0,0.0014306151645206988,Rhpol A,g,265
0,0,1,692,0.0014430014430014682,Rhpol A,t,268
1,0,0,687,0.0014534883720930258,Rhpol A,t,281
1,0,0,683,0.0014619883040936088,Rhpol A,t,288
1,679,0,0,0.0014705882352941124,Rhpol A,c,294
1,0,647,0,0.0015432098765432167,Rhpol A,g,298
0,623,0,1,0.0016025641025640969,Rhpol A,c,301
1,0,613,0,0.0016286644951140072,Rhpol A,g,302
1,562,0,0,0.001776198934280604,Rhpol A,c,310
0,565,1,0,0.0017667844522968323,Rhpol A,c,312
0,575,0,2,0.0034662045060658286,Rhpol A,c,314
0,560,0,3,0.005328596802841923,Rhpol A,c,317
0,1,1,537,0.0037105751391465214,Rhpol A,t,320
1,0,547,0,0.0018248175182481452,Rhpol A,g,327
0,0,531,2,0.0037523452157598447,Rhpol A,g,330
0,0,496,2,0.004016064257028162,Rhpol A,g,331
1,536,0,0,0.0018621973929237035,Rhpol A,c,332
0,556,0,1,0.0017953321364452268,Rhpol A,c,336
0,566,0,1,0.0017636684303351524,Rhpol A,c,342
1,0,0,554,0.0018018018018017834,Rhpol A,t,348
1,552,0,0,0.001808318264014508,Rhpol A,c,357
1,0,0,568,0.0017574692442882123,Rhpol A,t,360
0,443,499,0,0.470276008492569,Rhpol A,g,387
NA,NA,NA,NA,NA,NA,NA,NA
NA,NA,NA,NA,NA,NA,NA,NA
0,492,0,1,0.0020283975659228792,Rhpol A,c,398
1,504,0,0,0.001980198019801982,Rhpol A,c,404
1,0,507,0,0.0019685039370078705,Rhpol A,g,405
0,491,0,1,0.002032520325203291,Rhpol A,c,417
1,0,509,0,0.0019607843137254832,Rhpol A,g,426
0,1,515,0,0.0019379844961240345,Rhpol A,g,428
0,1,0,539,0.0018518518518518823,Rhpol A,t,451
1,548,0,0,0.0018214936247723523,Rhpol A,c,452
0,1,545,0,0.001831501831501825,Rhpol A,g,455
0,1,553,0,0.0018050541516245744,Rhpol A,g,470
2,0,561,0,0.003552397868561319,Rhpol A,g,476
0,566,0,1,0.0017636684303351524,Rhpol A,c,478
0,619,0,1,0.001612903225806428,Rhpol A,c,491
0,620,1,0,0.0016103059581320522,Rhpol A,c,492
0,1,1,632,0.003154574132492094,Rhpol A,t,504
0,0,636,1,0.0015698587127158659,Rhpol A,g,505
0,1,0,640,0.0015600624024960652,Rhpol A,t,508
1,151,0,0,0.006578947368421018,Rhme B,c,21
0,0,122,1,0.008130081300813052,Rhme B,g,70
0,0,1,85,0.011627906976744207,Rhme B,t,81
0,0,18,72,0.19999999999999996,Rhme B,t,108
0,96,0,1,0.010309278350515427,Rhme B,c,111
1,0,0,98,0.010101010101010055,Rhme B,t,116
0,153,1,0,0.00649350649350644,Rhme B,c,156
0,42,0,123,0.2545454545454545,Rhme B,t,170
0,0,176,1,0.005649717514124242,Rhme B,g,177
0,42,0,129,0.24561403508771928,Rhme B,t,184
0,0,191,1,0.00520833333333337,Rhme B,g,191
162,0,0,184,0.4682080924855492,Rhme B,t,192
1,0,0,223,0.004464285714285698,Rhme B,t,224
0,1,0,226,0.004405286343612369,Rhme B,t,255
0,4,0,204,0.019230769230769273,Rhme B,t,264
1,0,188,0,0.005291005291005346,Rhme B,g,309
0,190,0,1,0.005235602094240788,Rhme B,c,310
0,188,0,1,0.005291005291005346,Rhme B,c,314
0,189,0,2,0.010471204188481686,Rhme B,c,315
0,0,1,190,0.005235602094240788,Rhme B,t,316
0,187,0,3,0.015789473684210575,Rhme B,c,317
0,1,0,181,0.005494505494505475,Rhme B,t,320
0,1,0,183,0.005434782608695676,Rhme B,t,322
1,1,182,0,0.010869565217391353,Rhme B,g,327
1,0,181,0,0.005494505494505475,Rhme B,g,328
1,0,178,0,0.005586592178770999,Rhme B,g,330
0,0,163,1,0.0060975609756097615,Rhme B,g,331
0,1,0,151,0.006578947368421018,Rhme B,t,367
0,0,140,1,0.007092198581560294,Rhme B,g,380
1,0,135,0,0.007352941176470562,Rhme B,g,381
0,1,0,129,0.007692307692307665,Rhme B,t,382
0,97,119,0,0.44907407407407407,Rhme B,g,387
NA,NA,NA,NA,NA,NA,NA,NA
NA,NA,NA,NA,NA,NA,NA,NA
NA,NA,NA,NA,NA,NA,NA,NA
0,119,0,1,0.008333333333333304,Rhme B,c,411
0,1,0,106,0.009345794392523366,Rhme B,t,421
0,106,0,1,0.009345794392523366,Rhme B,c,425
0,1,0,115,0.008620689655172376,Rhme B,t,431
0,127,1,0,0.0078125,Rhme B,c,450
0,100,0,129,0.4366812227074236,Rhme B,t,451
1,159,0,1,0.012422360248447228,Rhme B,c,465
1,0,159,0,0.006249999999999978,Rhme B,g,468
0,160,0,1,0.006211180124223614,Rhme B,c,469
1,0,177,0,0.005617977528089901,Rhme B,g,479
0,1,0,197,0.005050505050505083,Rhme B,t,484
1,0,206,0,0.004830917874396157,Rhme B,g,505
0,0,3,300,0.00990099009900991,Rhpol B,t,10
0,337,3,0,0.008823529411764675,Rhpol B,c,21
0,282,2,0,0.007042253521126751,Rhpol B,c,27
0,294,0,1,0.003389830508474523,Rhpol B,c,33
298,2,0,0,0.00666666666666671,Rhpol B,a,46
1,338,0,0,0.002949852507374673,Rhpol B,c,48
1,344,0,0,0.0028985507246376274,Rhpol B,c,66
1,0,339,0,0.002941176470588225,Rhpol B,g,67
0,0,1,340,0.0029325513196480912,Rhpol B,t,69
1,0,0,338,0.002949852507374673,Rhpol B,t,73
0,0,313,1,0.0031847133757961776,Rhpol B,g,80
0,0,2,285,0.006968641114982632,Rhpol B,t,81
0,1,0,283,0.0035211267605633756,Rhpol B,t,90
0,306,0,1,0.0032573289902280145,Rhpol B,c,107
0,1,0,313,0.0031847133757961776,Rhpol B,t,124
0,345,0,1,0.0028901734104046506,Rhpol B,c,128
0,1,0,389,0.002564102564102555,Rhpol B,t,157
0,1,0,417,0.0023923444976076125,Rhpol B,t,192
1,0,0,465,0.0021459227467811592,Rhpol B,t,202
0,473,0,1,0.002109704641350185,Rhpol B,c,206
0,1,475,0,0.0021008403361344463,Rhpol B,g,211
1,0,0,473,0.002109704641350185,Rhpol B,t,213
0,0,1,465,0.0021459227467811592,Rhpol B,t,218
0,0,1,465,0.0021459227467811592,Rhpol B,t,224
0,1,462,0,0.002159827213822907,Rhpol B,g,225
0,475,0,1,0.0021008403361344463,Rhpol B,c,230
0,2,0,462,0.004310344827586188,Rhpol B,t,250
1,463,0,0,0.0021551724137931494,Rhpol B,c,252
1,0,0,449,0.0022222222222222365,Rhpol B,t,262
0,1,420,0,0.002375296912114022,Rhpol B,g,282
0,413,0,1,0.0024154589371980784,Rhpol B,c,289
0,372,0,1,0.002680965147453085,Rhpol B,c,310
0,384,0,1,0.0025974025974025983,Rhpol B,c,313
0,384,0,1,0.0025974025974025983,Rhpol B,c,314
0,390,0,1,0.002557544757033292,Rhpol B,c,315
0,2,0,386,0.005154639175257714,Rhpol B,t,316
0,385,0,4,0.010282776349614386,Rhpol B,c,317
0,0,384,1,0.0025974025974025983,Rhpol B,g,319
0,1,0,392,0.0025445292620864812,Rhpol B,t,323
0,395,3,0,0.007537688442211032,Rhpol B,c,325
1,0,351,1,0.005665722379603388,Rhpol B,g,331
3,0,387,1,0.010230179028132946,Rhpol B,g,353
0,390,0,1,0.002557544757033292,Rhpol B,c,354
2,398,0,0,0.0050000000000000044,Rhpol B,c,356
2,406,0,0,0.004901960784313708,Rhpol B,c,358
0,2,0,414,0.004807692307692291,Rhpol B,t,366
1,416,0,0,0.0023980815347721673,Rhpol B,c,370
1,0,0,391,0.0025510204081632404,Rhpol B,t,375
2,0,400,0,0.00497512437810943,Rhpol B,g,381
0,0,1,400,0.0024937655860348684,Rhpol B,t,384
0,337,388,0,0.46482758620689657,Rhpol B,g,387
1,369,0,0,0.002702702702702675,Rhpol B,c,398
1,0,363,0,0.0027472527472527375,Rhpol B,g,401
1,341,0,1,0.005830903790087438,Rhpol B,c,417
0,1,358,0,0.0027855153203342198,Rhpol B,g,441
2,0,413,0,0.004819277108433773,Rhpol B,g,480
0,0,6,331,0.017804154302670572,Rhpa A,t,10
1,0,390,0,0.002557544757033292,Rhpa A,g,15
1,385,8,0,0.022842639593908642,Rhpa A,c,21
0,1,345,0,0.0028901734104046506,Rhpa A,g,26
0,310,1,0,0.003215434083601254,Rhpa A,c,27
0,343,0,1,0.0029069767441860517,Rhpa A,c,30
0,308,1,0,0.003236245954692518,Rhpa A,c,33
1,0,0,382,0.0026109660574412663,Rhpa A,t,69
1,0,373,0,0.002673796791443861,Rhpa A,g,75
0,369,1,0,0.002702702702702675,Rhpa A,c,77
0,0,367,1,0.0027173913043477826,Rhpa A,g,87
1,0,367,0,0.0027173913043477826,Rhpa A,g,88
1,0,385,0,0.002590673575129543,Rhpa A,g,103
1,0,417,0,0.0023923444976076125,Rhpa A,g,122
1,0,427,0,0.002336448598130869,Rhpa A,g,131
0,413,0,1,0.0024154589371980784,Rhpa A,c,134
1,0,417,0,0.0023923444976076125,Rhpa A,g,144
1,419,0,0,0.0023809523809523725,Rhpa A,c,146
1,0,436,0,0.0022883295194507935,Rhpa A,g,171
1,0,464,0,0.0021505376344086446,Rhpa A,g,177
1,0,0,482,0.0020703933747412417,Rhpa A,t,192
0,537,0,1,0.0018587360594795044,Rhpa A,c,199
0,553,0,1,0.0018050541516245744,Rhpa A,c,214
1,553,0,0,0.0018050541516245744,Rhpa A,c,216
0,1,0,553,0.0018050541516245744,Rhpa A,t,221
0,0,562,1,0.001776198934280604,Rhpa A,g,225
1,0,553,0,0.0018050541516245744,Rhpa A,g,226
0,569,1,0,0.0017543859649122862,Rhpa A,c,230
0,0,568,1,0.0017574692442882123,Rhpa A,g,231
0,0,1,567,0.0017605633802817433,Rhpa A,t,250
1,0,529,0,0.0018867924528301883,Rhpa A,g,270
1,0,0,409,0.0024390243902439046,Rhpa A,t,320
0,417,2,0,0.004773269689737458,Rhpa A,c,325
0,0,365,2,0.00544959128065392,Rhpa A,g,331
0,388,0,1,0.0025706940874036244,Rhpa A,c,332
0,397,0,1,0.002512562814070307,Rhpa A,c,337
0,1,0,398,0.0025062656641604564,Rhpa A,t,338
0,394,1,0,0.0025316455696202667,Rhpa A,c,342
0,386,1,0,0.0025839793281653423,Rhpa A,c,349
1,0,0,390,0.002557544757033292,Rhpa A,t,351
1,0,384,0,0.0025974025974025983,Rhpa A,g,353
1,401,0,0,0.0024875621890547706,Rhpa A,c,359
0,1,0,401,0.0024875621890547706,Rhpa A,t,366
0,0,1,402,0.002481389578163795,Rhpa A,t,375
0,0,1,383,0.0026041666666666297,Rhpa A,t,382
0,305,365,0,0.4552238805970149,Rhpa A,g,387
0,0,363,1,0.0027472527472527375,Rhpa A,g,400
0,1,378,0,0.0026385224274406704,Rhpa A,g,419
1,0,386,0,0.0025839793281653423,Rhpa A,g,426
0,1,0,413,0.0024154589371980784,Rhpa A,t,446
1,0,0,426,0.0023419203747072626,Rhpa A,t,451
0,432,0,1,0.002309468822170868,Rhpa A,c,452
0,0,437,1,0.0022831050228310223,Rhpa A,g,464
0,0,436,1,0.0022883295194507935,Rhpa A,g,473
0,0,1,477,0.0020920502092049986,Rhpa A,t,500
0,0,1,203,0.004901960784313708,Rhsu A,t,10
0,1,0,222,0.004484304932735439,Rhsu A,t,13
0,196,0,1,0.005076142131979711,Rhsu A,c,19
0,186,1,0,0.005347593582887722,Rhsu A,c,27
1,0,198,0,0.005025125628140725,Rhsu A,g,32
0,217,0,1,0.004587155963302725,Rhsu A,c,36
184,0,1,0,0.00540540540540535,Rhsu A,a,46
1,0,225,0,0.004424778761061954,Rhsu A,g,67
0,0,1,190,0.005235602094240788,Rhsu A,t,80
0,1,0,179,0.005555555555555536,Rhsu A,t,93
1,0,0,192,0.005181347150259086,Rhsu A,t,98
0,188,0,182,0.49189189189189186,Rhsu A,c,118
0,206,0,1,0.004830917874396157,Rhsu A,c,135
1,246,0,0,0.004048582995951455,Rhsu A,c,156
0,1,0,245,0.004065040650406471,Rhsu A,t,159
289,0,0,320,0.4745484400656814,Rhsu A,t,192
0,0,1,324,0.003076923076923088,Rhsu A,t,201
1,340,0,0,0.0029325513196480912,Rhsu A,c,206
1,347,0,0,0.002873563218390829,Rhsu A,c,227
0,0,355,1,0.002808988764044895,Rhsu A,g,237
0,357,0,1,0.0027932960893854997,Rhsu A,c,252
1,0,352,0,0.0028328611898017497,Rhsu A,g,270
0,1,321,0,0.0031055900621117516,Rhsu A,g,318
0,315,0,1,0.0031645569620253333,Rhsu A,c,325
284,0,1,0,0.0035087719298245723,Rhsu A,a,329
1,0,284,0,0.0035087719298245723,Rhsu A,g,345
1,0,266,0,0.0037453183520599342,Rhsu A,g,353
0,263,0,1,0.0037878787878787845,Rhsu A,c,354
1,0,250,1,0.007936507936507908,Rhsu A,g,374
0,13,35,0,0.27083333333333337,Rhsu A,g,387
NA,NA,NA,NA,NA,NA,NA,NA
NA,NA,NA,NA,NA,NA,NA,NA
NA,NA,NA,NA,NA,NA,NA,NA
1,198,0,0,0.005025125628140725,Rhsu A,c,430
0,0,233,1,0.004273504273504258,Rhsu A,g,460
0,1,229,0,0.004347826086956497,Rhsu A,g,468
0,307,2,0,0.006472491909385147,Rhsu A,c,497
1,317,0,0,0.0031446540880503138,Rhsu A,c,501
0,0,1,93,0.010638297872340385,Rhsu B,t,10
1,0,104,0,0.00952380952380949,Rhsu B,g,16
1,103,0,0,0.009615384615384581,Rhsu B,c,28
0,1,0,97,0.010204081632653073,Rhsu B,t,60
0,89,0,84,0.48554913294797686,Rhsu B,c,118
NA,NA,NA,NA,NA,NA,NA,NA
1,103,0,0,0.009615384615384581,Rhsu B,c,125
124,0,0,144,0.4626865671641791,Rhsu B,t,192
0,0,1,141,0.007042253521126751,Rhsu B,t,200
1,145,0,0,0.006849315068493178,Rhsu B,c,203
0,1,147,0,0.006756756756756799,Rhsu B,g,211
0,1,0,147,0.006756756756756799,Rhsu B,t,217
0,1,152,0,0.0065359477124182774,Rhsu B,g,298
0,1,1,97,0.02020202020202022,Rhsu B,t,384
0,4,21,0,0.16000000000000003,Rhsu B,g,387
0,1,1,1,0.6666666666666667,Rhsu B,c,395
0,126,0,1,0.007874015748031482,Rhsu B,c,454
0,1,0,127,0.0078125,Rhsu B,t,484
0,0,1,189,0.0052631578947368585,Rhpa B,t,10
1,0,206,0,0.004830917874396157,Rhpa B,g,15
0,210,1,0,0.004739336492891044,Rhpa B,c,21
1,191,0,0,0.00520833333333337,Rhpa B,c,28
172,1,0,0,0.005780346820809301,Rhpa B,a,46
0,184,0,1,0.00540540540540535,Rhpa B,c,77
0,188,0,1,0.005291005291005346,Rhpa B,c,93
0,1,0,190,0.005235602094240788,Rhpa B,t,105
0,204,0,1,0.004878048780487809,Rhpa B,c,111
0,1,0,261,0.003816793893129722,Rhpa B,t,201
1,268,0,0,0.0037174721189591198,Rhpa B,c,214
0,1,0,258,0.0038610038610038533,Rhpa B,t,221
0,1,0,260,0.003831417624521105,Rhpa B,t,224
0,1,255,0,0.00390625,Rhpa B,g,225
0,260,0,1,0.003831417624521105,Rhpa B,c,227
1,0,0,262,0.0038022813688213253,Rhpa B,t,229
0,1,260,0,0.003831417624521105,Rhpa B,g,263
0,0,270,1,0.0036900369003689537,Rhpa B,g,282
0,249,0,1,0.0040000000000000036,Rhpa B,c,310
0,247,0,1,0.0040322580645161255,Rhpa B,c,312
0,255,0,1,0.00390625,Rhpa B,c,315
0,252,0,1,0.0039525691699604515,Rhpa B,c,317
0,0,1,241,0.004132231404958664,Rhpa B,t,320
0,253,0,1,0.003937007874015741,Rhpa B,c,325
0,0,257,1,0.003875968992248069,Rhpa B,g,326
0,0,255,1,0.00390625,Rhpa B,g,327
1,0,253,0,0.003937007874015741,Rhpa B,g,328
0,1,231,1,0.008583690987124415,Rhpa B,g,331
0,247,0,1,0.0040322580645161255,Rhpa B,c,337
1,0,216,0,0.004608294930875556,Rhpa B,g,379
0,178,201,0,0.4696569920844327,Rhpa B,g,387
0,0,1,191,0.00520833333333337,Rhpa B,t,420
0,208,1,0,0.004784688995215336,Rhpa B,c,425
0,1,209,0,0.004761904761904745,Rhpa B,g,426
0,0,215,1,0.00462962962962965,Rhpa B,g,428
0,224,1,0,0.004444444444444473,Rhpa B,c,430
1,0,0,230,0.0043290043290042934,Rhpa B,t,449
0,1,227,0,0.004385964912280715,Rhpa B,g,479
0,235,1,0,0.004237288135593209,Rhpa B,c,482
0,1,0,263,0.0037878787878787845,Rhpa B,t,498
0,1,0,266,0.0037453183520599342,Rhpa B,t,499
0,1,0,274,0.0036363636363636598,Rhpa B,t,508
0,0,363,1,0.0027472527472527375,Rhsu C,g,4
1,0,360,0,0.0027700831024930483,Rhsu C,g,8
0,0,6,309,0.01904761904761909,Rhsu C,t,10
1,0,0,333,0.0029940119760478723,Rhsu C,t,13
0,299,0,2,0.006644518272425293,Rhsu C,c,19
0,0,323,1,0.0030864197530864335,Rhsu C,g,26
273,0,0,1,0.0036496350364964014,Rhsu C,a,46
1,0,0,316,0.003154574132492094,Rhsu C,t,50
0,0,1,256,0.0038910505836575737,Rhsu C,t,80
0,0,1,232,0.0042918454935622075,Rhsu C,t,93
1,272,0,0,0.00366300366300365,Rhsu C,c,112
0,1,257,0,0.003875968992248069,Rhsu C,g,117
0,253,0,238,0.484725050916497,Rhsu C,c,118
NA,NA,NA,NA,NA,NA,NA,NA
1,300,0,0,0.0033222591362126463,Rhsu C,c,145
1,0,0,312,0.0031948881789137795,Rhsu C,t,155
0,1,1,331,0.006006006006005982,Rhsu C,t,163
1,346,0,0,0.0028818443804035088,Rhsu C,c,173
0,0,396,1,0.0025188916876573986,Rhsu C,g,191
341,0,0,383,0.47099447513812154,Rhsu C,t,192
0,1,0,440,0.0022675736961451642,Rhsu C,t,218
1,0,431,0,0.0023148148148147696,Rhsu C,g,226
1,0,437,0,0.0022831050228310223,Rhsu C,g,234
0,0,433,1,0.0023041474654378336,Rhsu C,g,246
0,431,0,1,0.0023148148148147696,Rhsu C,c,252
1,0,437,0,0.0022831050228310223,Rhsu C,g,253
0,1,0,415,0.0024038461538461453,Rhsu C,t,276
1,0,327,0,0.0030487804878048808,Rhsu C,g,311
0,1,0,322,0.003095975232198178,Rhsu C,t,316
0,313,0,1,0.0031847133757961776,Rhsu C,c,324
1,0,281,0,0.0035460992907800915,Rhsu C,g,331
0,278,0,2,0.0071428571428571175,Rhsu C,c,337
0,0,255,14,0.052044609665427455,Rhsu C,g,340
0,1,273,0,0.0036496350364964014,Rhsu C,g,345
0,0,1,252,0.0039525691699604515,Rhsu C,t,375
0,239,0,2,0.008298755186721962,Rhsu C,c,383
0,17,42,0,0.288135593220339,Rhsu C,g,387
NA,NA,NA,NA,NA,NA,NA,NA
NA,NA,NA,NA,NA,NA,NA,NA
NA,NA,NA,NA,NA,NA,NA,NA
1,0,224,0,0.004444444444444473,Rhsu C,g,405
0,1,277,0,0.003597122302158251,Rhsu C,g,455
1,1,292,0,0.006802721088435382,Rhsu C,g,480
1,0,4,290,0.016949152542372836,Rhsu D,t,10
0,1,0,342,0.002915451895043719,Rhsu D,t,12
0,290,0,5,0.016949152542372836,Rhsu D,c,19
0,2,0,278,0.0071428571428571175,Rhsu D,t,20
1,0,316,0,0.003154574132492094,Rhsu D,g,26
0,280,1,0,0.003558718861209953,Rhsu D,c,27
0,289,0,1,0.0034482758620689724,Rhsu D,c,28
0,1,0,307,0.0032467532467532756,Rhsu D,t,44
0,323,0,1,0.0030864197530864335,Rhsu D,c,47
4,1,329,0,0.014970059880239472,Rhsu D,g,53
1,339,0,0,0.002941176470588225,Rhsu D,c,71
0,338,0,1,0.002949852507374673,Rhsu D,c,77
0,0,326,1,0.003058103975535187,Rhsu D,g,108
0,0,1,339,0.002941176470588225,Rhsu D,t,113
0,1,0,319,0.0031250000000000444,Rhsu D,t,116
0,1,326,0,0.003058103975535187,Rhsu D,g,117
0,321,0,308,0.4896661367249603,Rhsu D,c,118
NA,NA,NA,NA,NA,NA,NA,NA
1,0,346,0,0.0028818443804035088,Rhsu D,g,126
1,346,0,0,0.0028818443804035088,Rhsu D,c,128
0,356,0,1,0.0028011204481792618,Rhsu D,c,130
1,0,0,331,0.003012048192771122,Rhsu D,t,132
0,385,0,1,0.002590673575129543,Rhsu D,c,145
1,0,0,427,0.002336448598130869,Rhsu D,t,155
6,0,422,0,0.014018691588784993,Rhsu D,g,158
0,1,0,427,0.002336448598130869,Rhsu D,t,163
0,456,0,1,0.002188183807439792,Rhsu D,c,178
1,504,0,0,0.001980198019801982,Rhsu D,c,186
0,0,510,1,0.00195694716242667,Rhsu D,g,191
450,0,0,500,0.4736842105263158,Rhsu D,t,192
0,529,0,1,0.0018867924528301883,Rhsu D,c,203
0,541,0,1,0.0018450184501844769,Rhsu D,c,206
0,1,0,557,0.0017921146953404632,Rhsu D,t,221
0,1,552,0,0.001808318264014508,Rhsu D,g,225
0,545,0,1,0.001831501831501825,Rhsu D,c,227
0,0,549,1,0.0018181818181818299,Rhsu D,g,231
14,0,533,0,0.025594149908592323,Rhsu D,g,234
0,549,0,1,0.0018181818181818299,Rhsu D,c,242
0,1,547,0,0.0018248175182481452,Rhsu D,g,244
1,0,549,0,0.0018181818181818299,Rhsu D,g,246
0,539,0,1,0.0018518518518518823,Rhsu D,c,252
2,0,539,0,0.003696857670979714,Rhsu D,g,253
0,1,531,0,0.001879699248120259,Rhsu D,g,265
1,0,0,530,0.0018832391713747842,Rhsu D,t,277
0,526,0,1,0.00189753320683117,Rhsu D,c,278
1,458,0,2,0.006507592190889366,Rhsu D,c,310
1,463,0,0,0.0021551724137931494,Rhsu D,c,315
420,1,1,1,0.007092198581560294,Rhsu D,a,329
0,438,0,1,0.002277904328018221,Rhsu D,c,332
0,0,432,1,0.002309468822170868,Rhsu D,g,335
0,427,0,1,0.002336448598130869,Rhsu D,c,336
0,0,1,426,0.0023419203747072626,Rhsu D,t,338
0,0,410,1,0.0024330900243308973,Rhsu D,g,347
0,1,0,399,0.0024999999999999467,Rhsu D,t,351
1,0,386,0,0.0025839793281653423,Rhsu D,g,353
0,386,0,1,0.0025839793281653423,Rhsu D,c,354
0,1,0,353,0.0028248587570621764,Rhsu D,t,356
1,377,0,0,0.002645502645502673,Rhsu D,c,358
0,1,0,370,0.0026954177897574594,Rhsu D,t,366
0,1,0,357,0.0027932960893854997,Rhsu D,t,367
1,0,341,0,0.0029239766081871066,Rhsu D,g,379
0,1,1,302,0.006578947368421018,Rhsu D,t,384
0,79,0,1,0.012499999999999956,Rhsu D,c,385
0,28,78,0,0.26415094339622647,Rhsu D,g,387
1,23,0,0,0.04166666666666663,Rhsu D,c,390
0,1,1,1,0.6666666666666667,Rhsu D,c,395
0,266,0,1,0.0037453183520599342,Rhsu D,c,398
0,0,1,285,0.0034965034965035446,Rhsu D,t,410
1,297,0,0,0.003355704697986628,Rhsu D,c,411
0,0,1,275,0.0036231884057971175,Rhsu D,t,420
0,0,291,1,0.003424657534246589,Rhsu D,g,428
0,1,337,0,0.00295857988165682,Rhsu D,g,473
1,0,342,0,0.002915451895043719,Rhsu D,g,476
1,364,0,0,0.002739726027397249,Rhsu D,c,488
1,353,0,0,0.0028248587570621764,Rhsu D,c,492
0,1,0,396,0.0025188916876573986,Rhsu D,t,504
12,0,0,14,0.46153846153846156,Rhme C,t,192
0,16,0,3,0.1578947368421053,Rhme C,c,242
0,3,0,15,0.16666666666666663,Rhme C,t,264
3,0,15,0,0.16666666666666663,Rhme C,g,290
1,0,0,9,0.09999999999999998,Rhme C,t,352
0,1,0,11,0.08333333333333337,Rhme C,t,367
1,0,10,0,0.09090909090909094,Rhme C,g,381
0,1,0,10,0.09090909090909094,Rhme C,t,382
1,0,0,10,0.09090909090909094,Rhme C,t,384
0,11,11,0,0.5,Rhme C,c,387
NA,NA,NA,NA,NA,NA,NA,NA
NA,NA,NA,NA,NA,NA,NA,NA
NA,NA,NA,NA,NA,NA,NA,NA
NA,NA,NA,NA,NA,NA,NA,NA
NA,NA,NA,NA,NA,NA,NA,NA
NA,NA,NA,NA,NA,NA,NA,NA
NA,NA,NA,NA,NA,NA,NA,NA
NA,NA,NA,NA,NA,NA,NA,NA
0,18,0,2,0.09999999999999998,Rhme C,c,411
0,1,0,15,0.0625,Rhme C,t,421
0,16,0,1,0.05882352941176472,Rhme C,c,425
0,1,0,18,0.052631578947368474,Rhme C,t,446
0,18,0,1,0.052631578947368474,Rhme C,c,447
0,1,0,19,0.050000000000000044,Rhme C,t,448
0,19,0,1,0.050000000000000044,Rhme C,c,465
1,0,19,0,0.050000000000000044,Rhme C,g,468
0,140,0,1,0.007092198581560294,Rhsu E,c,14
0,134,0,2,0.014705882352941124,Rhsu E,c,19
0,128,0,1,0.007751937984496138,Rhsu E,c,34
0,1,0,133,0.007462686567164201,Rhsu E,t,50
0,127,0,1,0.0078125,Rhsu E,c,77
0,105,0,101,0.49029126213592233,Rhsu E,c,118
NA,NA,NA,NA,NA,NA,NA,NA
0,0,1,112,0.008849557522123908,Rhsu E,t,124
0,124,0,1,0.008000000000000007,Rhsu E,c,134
0,1,0,191,0.00520833333333337,Rhsu E,t,189
164,0,0,184,0.47126436781609193,Rhsu E,t,192
0,207,0,1,0.004807692307692291,Rhsu E,c,209
0,1,0,207,0.004807692307692291,Rhsu E,t,218
1,0,186,0,0.005347593582887722,Rhsu E,g,270
0,0,1,175,0.005681818181818232,Rhsu E,t,293
0,152,0,1,0.0065359477124182774,Rhsu E,c,315
0,1,0,154,0.006451612903225823,Rhsu E,t,316
144,0,1,0,0.006896551724137945,Rhsu E,a,329
0,0,151,1,0.006578947368421018,Rhsu E,g,353
0,12,19,0,0.3870967741935484,Rhsu E,g,387
NA,NA,NA,NA,NA,NA,NA,NA
NA,NA,NA,NA,NA,NA,NA,NA
NA,NA,NA,NA,NA,NA,NA,NA
0,0,134,1,0.007407407407407418,Rhsu E,g,399
0,139,0,1,0.0071428571428571175,Rhsu E,c,437
0,148,1,0,0.006711409395973145,Rhsu E,c,452
1,149,0,0,0.00666666666666671,Rhsu E,c,453
1,0,145,0,0.006849315068493178,Rhsu E,g,480
0,0,1,52,0.018867924528301883,hayd A,t,10
0,58,1,0,0.016949152542372836,hayd A,c,21
1,0,50,0,0.019607843137254943,hayd A,g,26
1,0,65,0,0.015151515151515138,hayd A,g,144
0,74,0,1,0.013333333333333308,hayd A,c,252
0,0,58,1,0.016949152542372836,hayd A,g,331
0,52,57,0,0.47706422018348627,hayd A,g,387
NA,NA,NA,NA,NA,NA,NA,NA
NA,NA,NA,NA,NA,NA,NA,NA
0,50,0,1,0.019607843137254943,hayd A,c,425
0,0,1,116,0.008547008547008517,Rhpa C,t,10
1,129,6,0,0.05147058823529416,Rhpa C,c,21
0,1,102,0,0.009708737864077666,Rhpa C,g,31
1,0,147,0,0.006756756756756799,Rhpa C,g,59
1,0,157,0,0.006329113924050667,Rhpa C,g,67
1,0,149,0,0.00666666666666671,Rhpa C,g,92
0,147,0,1,0.006756756756756799,Rhpa C,c,93
0,182,0,1,0.005464480874316946,Rhpa C,c,134
1,205,0,0,0.004854368932038833,Rhpa C,c,184
1,0,0,209,0.004761904761904745,Rhpa C,t,200
1,0,0,215,0.00462962962962965,Rhpa C,t,215
1,0,0,223,0.004464285714285698,Rhpa C,t,218
0,1,211,0,0.004716981132075526,Rhpa C,g,237
0,1,0,185,0.005376344086021501,Rhpa C,t,259
0,1,177,0,0.005617977528089901,Rhpa C,g,311
1,165,0,0,0.0060240963855421326,Rhpa C,c,314
0,163,0,2,0.012121212121212088,Rhpa C,c,315
0,2,0,162,0.012195121951219523,Rhpa C,t,316
0,161,0,2,0.012269938650306789,Rhpa C,c,317
1,0,0,170,0.005847953216374324,Rhpa C,t,351
0,161,0,1,0.006172839506172867,Rhpa C,c,354
1,0,164,0,0.0060606060606061,Rhpa C,g,364
0,1,1,167,0.011834319526627168,Rhpa C,t,366
0,0,1,163,0.0060975609756097615,Rhpa C,t,382
0,155,1,0,0.0064102564102563875,Rhpa C,c,386
0,126,150,0,0.4565217391304348,Rhpa C,g,387
NA,NA,NA,NA,NA,NA,NA,NA
NA,NA,NA,NA,NA,NA,NA,NA
1,0,185,0,0.005376344086021501,Rhpa C,g,480
0,1,0,190,0.005235602094240788,Rhpa C,t,498
0,197,0,1,0.005050505050505083,Rhpa C,c,501
1,0,0,193,0.005154639175257714,Rhpa C,t,513
0,34,1,0,0.02857142857142858,Rhpol C,c,27
1,0,0,67,0.014705882352941124,Rhpol C,t,192
0,1,63,0,0.015625,Rhpol C,g,225
1,0,61,0,0.016129032258064502,Rhpol C,g,246
0,34,41,0,0.45333333333333337,Rhpol C,g,387
NA,NA,NA,NA,NA,NA,NA,NA
NA,NA,NA,NA,NA,NA,NA,NA
0,1,0,35,0.02777777777777779,Rhpol C,t,410
0,0,1,35,0.02777777777777779,Rhpol C,t,414
0,1,0,59,0.01666666666666672,Rhpol C,t,496
0,344,0,1,0.0028985507246376274,Rhpor B,c,14
361,0,1,0,0.002762430939226568,Rhpor B,a,25
1,419,0,0,0.0023809523809523725,Rhpor B,c,45
0,433,1,0,0.0023041474654378336,Rhpor B,c,48
1,0,462,0,0.002159827213822907,Rhpor B,g,79
0,0,1,397,0.002512562814070307,Rhpor B,t,81
1,426,0,0,0.0023419203747072626,Rhpor B,c,101
0,419,0,1,0.0023809523809523725,Rhpor B,c,107
1,0,414,0,0.002409638554216831,Rhpor B,g,108
0,0,431,1,0.0023148148148147696,Rhpor B,g,110
1,0,416,0,0.0023980815347721673,Rhpor B,g,123
0,0,405,2,0.004914004914004955,Rhpor B,g,133
0,421,1,0,0.0023696682464454666,Rhpor B,c,136
0,1,0,462,0.002159827213822907,Rhpor B,t,155
0,0,1,463,0.0021551724137931494,Rhpor B,t,167
0,0,471,1,0.0021186440677966045,Rhpor B,g,177
210,488,0,0,0.30085959885386815,Rhpor B,c,186
255,0,0,241,0.4858870967741935,Rhpor B,a,189
256,0,239,1,0.4838709677419355,Rhpor B,a,191
151,0,255,218,0.5913461538461539,Rhpor B,g,192
1,556,0,0,0.0017953321364452268,Rhpor B,c,206
0,573,0,1,0.0017421602787456303,Rhpor B,c,209
0,586,1,0,0.0017035775127768327,Rhpor B,c,216
0,1,0,589,0.0016949152542372614,Rhpor B,t,221
0,1,590,0,0.0016920473773265332,Rhpor B,g,225
1,0,599,0,0.0016666666666667052,Rhpor B,g,241
0,596,0,1,0.0016750418760469454,Rhpor B,c,252
0,0,599,1,0.0016666666666667052,Rhpor B,g,253
0,0,585,1,0.0017064846416382506,Rhpor B,g,258
0,0,591,1,0.0016891891891891442,Rhpor B,g,263
0,1,0,587,0.00170068027210879,Rhpor B,t,264
0,1,577,0,0.0017301038062284002,Rhpor B,g,270
0,1,0,565,0.0017667844522968323,Rhpor B,t,281
0,1,0,535,0.001865671641791078,Rhpor B,t,297
1,507,0,0,0.0019685039370078705,Rhpor B,c,303
0,1,489,0,0.0020408163265306367,Rhpor B,g,311
0,501,4,0,0.007920792079207928,Rhpor B,c,325
0,2,450,0,0.004424778761061954,Rhpor B,g,331
0,476,0,1,0.002096436058700246,Rhpor B,c,349
0,1,0,479,0.002083333333333326,Rhpor B,t,352
0,1,473,0,0.002109704641350185,Rhpor B,g,353
0,474,1,0,0.002105263157894721,Rhpor B,c,358
1,0,509,0,0.0019607843137254832,Rhpor B,g,369
0,1,0,490,0.0020366598778004397,Rhpor B,t,375
0,1,495,0,0.0020161290322581182,Rhpor B,g,380
0,406,466,0,0.4655963302752294,Rhpor B,g,387
NA,NA,NA,NA,NA,NA,NA,NA
NA,NA,NA,NA,NA,NA,NA,NA
0,0,447,1,0.0022321428571429047,Rhpor B,g,401
1,451,0,0,0.0022123893805309214,Rhpor B,c,404
0,436,0,1,0.0022883295194507935,Rhpor B,c,421
1,0,448,0,0.00222717149220486,Rhpor B,g,423
0,0,460,1,0.002169197396963085,Rhpor B,g,426
1,469,0,0,0.0021276595744680327,Rhpor B,c,430
0,1,0,466,0.0021413276231263545,Rhpor B,t,439
0,1,474,1,0.004201680672268893,Rhpor B,g,441
0,1,500,0,0.001996007984031989,Rhpor B,g,464
0,530,0,1,0.0018832391713747842,Rhpor B,c,490
0,0,553,1,0.0018050541516245744,Rhpor B,g,509
0,0,1,2,0.33333333333333337,hayd B,t,81
0,0,1,78,0.012658227848101222,Rhme D,t,10
56,0,0,1,0.01754385964912286,Rhme D,a,46
0,0,1,43,0.022727272727272707,Rhme D,t,81
81,0,0,84,0.49090909090909096,Rhme D,t,192
1,0,0,133,0.007462686567164201,Rhme D,t,221
0,0,138,1,0.007194244604316502,Rhme D,g,226
0,142,0,1,0.006993006993006978,Rhme D,c,242
0,139,0,1,0.0071428571428571175,Rhme D,c,252
0,6,0,131,0.04379562043795615,Rhme D,t,264
0,2,0,132,0.014925373134328401,Rhme D,t,277
1,0,139,0,0.0071428571428571175,Rhme D,g,290
1,107,0,0,0.0092592592592593,Rhme D,c,310
0,99,1,2,0.02941176470588236,Rhme D,c,315
0,1,3,95,0.04040404040404044,Rhme D,t,316
0,95,0,6,0.05940594059405946,Rhme D,c,317
2,3,96,0,0.04950495049504955,Rhme D,g,327
1,1,98,0,0.020000000000000018,Rhme D,g,328
0,88,0,1,0.011235955056179803,Rhme D,c,346
1,0,0,86,0.011494252873563204,Rhme D,t,352
1,0,82,1,0.023809523809523836,Rhme D,g,353
1,84,0,0,0.0117647058823529,Rhme D,c,356
0,3,0,72,0.040000000000000036,Rhme D,t,365
0,2,0,72,0.027027027027026973,Rhme D,t,367
0,57,73,0,0.43846153846153846,Rhme D,g,387
NA,NA,NA,NA,NA,NA,NA,NA
0,78,0,1,0.012658227848101222,Rhme D,c,469
1,83,0,0,0.011904761904761862,Rhme D,c,477
1,0,89,0,0.011111111111111072,Rhme D,g,480
0,100,1,0,0.00990099009900991,Rhme D,c,501
1,0,0,1,0.5,Rhme REF,a,192
0,1,0,23,0.04166666666666663,Rhme REF,t,492
1,0,863,0,0.0011574074074074403,Rhpol D,g,9
0,0,5,711,0.006983240223463638,Rhpol D,t,10
0,829,0,1,0.001204819277108471,Rhpol D,c,14
0,0,827,1,0.0012077294685990392,Rhpol D,g,16
0,847,1,0,0.001179245283018826,Rhpol D,c,20
0,846,16,2,0.02083333333333337,Rhpol D,c,21
1,0,781,0,0.0012787723785165905,Rhpol D,g,23
0,1,766,0,0.0013037809647978849,Rhpol D,g,26
0,657,5,1,0.009049773755656076,Rhpol D,c,27
0,3,678,0,0.004405286343612369,Rhpol D,g,31
0,1,705,0,0.0014164305949008194,Rhpol D,g,32
705,1,0,0,0.0014164305949008194,Rhpol D,a,46
0,1,0,771,0.0012953367875647714,Rhpol D,t,52
0,1,0,838,0.0011918951132300348,Rhpol D,t,72
0,0,6,715,0.00832177531206657,Rhpol D,t,81
0,1,0,773,0.0012919896640827266,Rhpol D,t,83
1,0,756,0,0.0013210039630119352,Rhpol D,g,92
0,808,1,0,0.0012360939431397266,Rhpol D,c,95
1,769,0,0,0.0012987012987012436,Rhpol D,c,101
0,1,796,0,0.0012547051442910462,Rhpol D,g,108
0,1,833,0,0.0011990407673860837,Rhpol D,g,115
2,1,844,0,0.0035419126328217754,Rhpol D,g,122
0,0,2,799,0.0024968789013732895,Rhpol D,t,124
0,903,0,1,0.0011061946902655162,Rhpol D,c,130
0,0,1,813,0.0012285012285012664,Rhpol D,t,132
1,0,860,0,0.0011614401858304202,Rhpol D,g,133
0,861,0,2,0.002317497103128674,Rhpol D,c,134
0,880,0,1,0.0011350737797957144,Rhpol D,c,136
0,882,1,0,0.0011325028312570984,Rhpol D,c,138
0,940,0,1,0.0010626992561104665,Rhpol D,c,146
0,950,0,1,0.001051524710830698,Rhpol D,c,147
0,1,0,930,0.0010741138560687036,Rhpol D,t,149
0,1,0,999,0.0010000000000000009,Rhpol D,t,155
0,2,0,991,0.002014098690835797,Rhpol D,t,157
1,0,991,1,0.002014098690835797,Rhpol D,g,158
1,1,0,978,0.0020408163265306367,Rhpol D,t,159
0,1,0,984,0.0010152284263958977,Rhpol D,t,167
0,0,992,1,0.001007049345417954,Rhpol D,g,168
0,1006,2,0,0.001984126984126977,Rhpol D,c,173
0,0,1013,1,9.861932938856066e-4,Rhpol D,g,175
0,1103,0,1,9.057971014492239e-4,Rhpol D,c,186
0,0,1097,1,9.107468123861207e-4,Rhpol D,g,191
0,1200,0,2,0.0016638935108153063,Rhpol D,c,209
0,1,1201,0,8.319467554076532e-4,Rhpol D,g,210
0,3,0,1208,0.002477291494632494,Rhpol D,t,221
1,1222,0,1,0.0016339869281045694,Rhpol D,c,223
0,3,1212,0,0.0024691358024691024,Rhpol D,g,225
1,1204,0,0,8.298755186721962e-4,Rhpol D,c,227
0,1,1226,0,8.149959250203231e-4,Rhpol D,g,234
1,1,1203,0,0.0016597510373443924,Rhpol D,g,246
0,1187,0,1,8.417508417508657e-4,Rhpol D,c,252
0,1,1177,0,8.48896434634927e-4,Rhpol D,g,258
0,1,0,1147,8.710801393728707e-4,Rhpol D,t,259
0,1,0,1142,8.748906386701893e-4,Rhpol D,t,264
0,1,0,1139,8.771929824561431e-4,Rhpol D,t,268
1,0,0,1134,8.810572687224516e-4,Rhpol D,t,276
1,0,0,1107,9.025270758122872e-4,Rhpol D,t,293
1,1109,0,0,9.009009009008917e-4,Rhpol D,c,294
1,1034,0,0,9.661835748792091e-4,Rhpol D,c,301
1,1013,0,0,9.861932938856066e-4,Rhpol D,c,303
1,1003,0,0,9.960159362549792e-4,Rhpol D,c,305
1,0,922,0,0.0010834236186348933,Rhpol D,g,311
1,937,1,1,0.0031914893617021045,Rhpol D,c,314
0,2,1,925,0.003232758620689613,Rhpol D,t,316
0,0,910,1,0.001097694840834218,Rhpol D,g,319
2,1,0,879,0.003401360544217691,Rhpol D,t,320
1,1,0,909,0.002195389681668547,Rhpol D,t,323
0,919,0,1,0.0010869565217391797,Rhpol D,c,325
1,0,917,0,0.0010893246187363426,Rhpol D,g,327
1,0,838,3,0.004750593824228044,Rhpol D,g,331
1,0,910,0,0.001097694840834218,Rhpol D,g,335
1,0,0,901,0.0011086474501108556,Rhpol D,t,338
2,0,0,882,0.002262443438914019,Rhpol D,t,340
0,888,0,1,0.0011248593925758943,Rhpol D,c,342
0,1,875,0,0.0011415525114155667,Rhpol D,g,343
0,1,0,862,0.0011587485515642815,Rhpol D,t,348
0,0,1,874,0.0011428571428571122,Rhpol D,t,351
0,1,0,870,0.0011481056257175437,Rhpol D,t,352
1,888,0,0,0.0011248593925758943,Rhpol D,c,359
0,927,0,1,0.0010775862068965747,Rhpol D,c,370
1,0,0,932,0.001071811361200381,Rhpol D,t,371
1,0,0,889,0.0011235955056180247,Rhpol D,t,375
2,0,896,0,0.00222717149220486,Rhpol D,g,379
0,700,809,0,0.46388336646785955,Rhpol D,g,387
0,1,1,0,0.5,Rhpol D,c,394
0,837,0,2,0.0023837902264600697,Rhpol D,c,404
0,0,856,1,0.001166861143523934,Rhpol D,g,419
1,0,851,0,0.0011737089201877549,Rhpol D,g,426
0,1,0,847,0.001179245283018826,Rhpol D,t,427
0,885,0,1,0.0011286681715575453,Rhpol D,c,430
0,891,1,0,0.0011210762331838042,Rhpol D,c,437
0,1,0,894,0.0011173184357542443,Rhpol D,t,442
0,2,0,928,0.0021505376344086446,Rhpol D,t,446
0,0,1,932,0.001071811361200381,Rhpol D,t,472
0,955,0,1,0.0010460251046024993,Rhpol D,c,477
0,957,0,1,0.0010438413361169019,Rhpol D,c,481
1,1020,0,0,9.794319294809117e-4,Rhpol D,c,485
1,1,1022,0,0.001953125,Rhpol D,g,489
0,1029,0,1,9.70873786407811e-4,Rhpol D,c,491
0,1077,0,1,9.276437847866026e-4,Rhpol D,c,501
0,1071,1,0,9.32835820895539e-4,Rhpol D,c,514
0,0,1,334,0.0029850746268657025,hayd C,t,1
0,0,2,259,0.007662835249042099,hayd C,t,10
0,315,0,1,0.0031645569620253333,hayd C,c,18
0,323,3,0,0.009202453987730008,hayd C,c,21
0,2,300,0,0.0066225165562914245,hayd C,g,26
0,256,0,1,0.0038910505836575737,hayd C,c,33
1,281,0,0,0.0035460992907800915,hayd C,c,37
0,270,0,1,0.0036900369003689537,hayd C,c,58
0,0,273,1,0.0036496350364964014,hayd C,g,70
0,0,1,241,0.004132231404958664,hayd C,t,81
0,1,0,281,0.0035460992907800915,hayd C,t,149
1,296,0,0,0.0033670033670033517,hayd C,c,161
2,0,309,0,0.006430868167202619,hayd C,g,177
1,0,369,1,0.005390835579514808,hayd C,g,231
0,0,1,309,0.003225806451612856,hayd C,t,308
1,0,316,0,0.003154574132492094,hayd C,g,311
1,317,0,0,0.0031446540880503138,hayd C,c,312
0,318,0,1,0.0031347962382445305,hayd C,c,314
0,308,0,1,0.003236245954692518,hayd C,c,317
0,299,2,0,0.006644518272425293,hayd C,c,325
0,0,301,1,0.0033112582781457123,hayd C,g,373
1,5,274,0,0.021428571428571463,hayd C,g,387
1,0,297,0,0.003355704697986628,hayd C,g,405
1,287,0,0,0.00347222222222221,hayd C,c,417
0,0,295,1,0.0033783783783783994,hayd C,g,434
0,0,323,1,0.0030864197530864335,hayd C,g,455
1,313,0,0,0.0031847133757961776,hayd C,c,467
0,317,0,1,0.0031446540880503138,hayd C,c,482
0,316,0,1,0.003154574132492094,hayd C,c,490
0,324,0,1,0.003076923076923088,hayd C,c,491
0,1,0,335,0.0029761904761904656,hayd C,t,500
1,331,0,0,0.003012048192771122,hayd C,c,512
1,0,1,333,0.005970149253731294,Rhoc A,t,1
0,0,3,292,0.01016949152542368,Rhoc A,t,10
0,328,2,0,0.0060606060606061,Rhoc A,c,21
258,0,2,0,0.007692307692307665,Rhoc A,a,25
0,1,0,250,0.003984063745019917,Rhoc A,t,29
1,0,268,0,0.0037174721189591198,Rhoc A,g,32
0,1,0,245,0.004065040650406471,Rhoc A,t,34
0,280,0,1,0.003558718861209953,Rhoc A,c,58
0,1,0,306,0.0032573289902280145,Rhoc A,t,68
0,296,1,0,0.0033670033670033517,Rhoc A,c,77
0,0,6,132,0.04347826086956519,Rhoc A,t,111
0,221,0,1,0.0045045045045044585,Rhoc A,c,125
0,0,233,1,0.004273504273504258,Rhoc A,g,133
0,309,1,0,0.003225806451612856,Rhoc A,c,161
312,0,0,332,0.484472049689441,Rhoc A,t,192
1,0,361,0,0.002762430939226568,Rhoc A,g,219
0,1,363,0,0.0027472527472527375,Rhoc A,g,220
1,0,0,360,0.0027700831024930483,Rhoc A,t,222
1,0,370,0,0.0026954177897574594,Rhoc A,g,231
1,0,0,367,0.0027173913043477826,Rhoc A,t,233
0,359,1,1,0.005540166204986097,Rhoc A,c,242
1,0,328,0,0.003039513677811523,Rhoc A,g,270
0,1,0,330,0.0030211480362537513,Rhoc A,t,297
1,0,324,0,0.003076923076923088,Rhoc A,g,298
1,0,330,0,0.0030211480362537513,Rhoc A,g,302
0,320,0,1,0.0031152647975077885,Rhoc A,c,310
1,0,321,0,0.0031055900621117516,Rhoc A,g,311
0,1,0,335,0.0029761904761904656,Rhoc A,t,316
1,0,0,325,0.0030674846625766694,Rhoc A,t,320
1,0,0,330,0.0030211480362537513,Rhoc A,t,323
1,0,329,0,0.00303030303030305,Rhoc A,g,327
0,0,317,1,0.0031446540880503138,Rhoc A,g,331
0,330,0,1,0.0030211480362537513,Rhoc A,c,332
0,341,1,0,0.0029239766081871066,Rhoc A,c,357
0,321,1,0,0.0031055900621117516,Rhoc A,c,386
0,274,316,0,0.46440677966101696,Rhoc A,g,387
0,24,1,0,0.040000000000000036,Rhoc A,c,388
0,10,1,0,0.09090909090909094,Rhoc A,c,392
0,320,0,1,0.0031152647975077885,Rhoc A,c,403
0,1,0,314,0.0031746031746031633,Rhoc A,t,432
0,312,0,1,0.0031948881789137795,Rhoc A,c,437
0,317,1,0,0.0031446540880503138,Rhoc A,c,454
1,305,0,0,0.0032679738562091387,Rhoc A,c,492
0,1,0,304,0.003278688524590123,Rhoc A,t,498
0,0,3,192,0.01538461538461533,Rhoc B,t,10
172,0,2,0,0.011494252873563204,Rhoc B,a,25
177,1,0,0,0.005617977528089901,Rhoc B,a,46
1,193,0,0,0.005154639175257714,Rhoc B,c,63
1,0,194,0,0.00512820512820511,Rhoc B,g,70
1,192,0,0,0.005181347150259086,Rhoc B,c,71
0,0,1,170,0.005847953216374324,Rhoc B,t,81
0,186,0,1,0.005347593582887722,Rhoc B,c,82
0,0,2,112,0.01754385964912286,Rhoc B,t,111
1,0,234,0,0.004255319148936176,Rhoc B,g,177
0,0,262,3,0.01132075471698113,Rhoc B,g,191
225,0,0,251,0.4726890756302521,Rhoc B,t,192
47,0,282,0,0.1428571428571429,Rhoc B,g,225
1,329,0,0,0.00303030303030305,Rhoc B,c,227
0,0,331,1,0.003012048192771122,Rhoc B,g,231
0,0,309,1,0.003225806451612856,Rhoc B,g,253
1,0,293,0,0.003401360544217691,Rhoc B,g,265
26,0,0,271,0.08754208754208759,Rhoc B,t,276
26,289,0,0,0.08253968253968258,Rhoc B,c,278
0,291,0,1,0.003424657534246589,Rhoc B,c,286
0,267,0,27,0.09183673469387754,Rhoc B,c,289
0,1,0,283,0.0035211267605633756,Rhoc B,t,297
0,250,0,3,0.011857707509881465,Rhoc B,c,315
0,4,0,246,0.016000000000000014,Rhoc B,t,316
0,244,0,3,0.012145748987854255,Rhoc B,c,317
0,256,2,0,0.007751937984496138,Rhoc B,c,325
0,0,251,1,0.003968253968253954,Rhoc B,g,328
0,1,248,0,0.004016064257028162,Rhoc B,g,330
1,0,236,0,0.00421940928270037,Rhoc B,g,331
0,1,0,252,0.0039525691699604515,Rhoc B,t,334
6,0,245,0,0.0239043824701195,Rhoc B,g,353
1,255,0,0,0.00390625,Rhoc B,c,370
0,237,0,1,0.004201680672268893,Rhoc B,c,386
0,198,236,0,0.45622119815668205,Rhoc B,g,387
0,5,1,0,0.16666666666666663,Rhoc B,c,392
NA,NA,NA,NA,NA,NA,NA,NA
NA,NA,NA,NA,NA,NA,NA,NA
0,1,223,0,0.004464285714285698,Rhoc B,g,460
188,0,24,0,0.1132075471698113,Rhpor C,a,25
0,211,0,17,0.07456140350877194,Rhpor C,c,28
0,213,0,19,0.0818965517241379,Rhpor C,c,29
0,24,0,190,0.11214953271028039,Rhpor C,t,34
1,0,0,255,0.00390625,Rhpor C,t,50
0,0,1,251,0.003968253968253954,Rhpor C,t,55
1,0,0,256,0.0038910505836575737,Rhpor C,t,56
0,0,239,1,0.004166666666666652,Rhpor C,g,85
0,0,200,12,0.05660377358490565,Rhpor C,g,108
0,223,0,5,0.021929824561403466,Rhpor C,c,112
1,0,233,0,0.004273504273504258,Rhpor C,g,115
0,224,0,1,0.004444444444444473,Rhpor C,c,119
0,15,0,197,0.07075471698113212,Rhpor C,t,124
0,218,0,16,0.06837606837606836,Rhpor C,c,128
0,17,0,230,0.06882591093117407,Rhpor C,t,135
0,1,253,0,0.003937007874015741,Rhpor C,g,137
1,271,0,0,0.003676470588235281,Rhpor C,c,145
1,317,1,0,0.006269592476489061,Rhpor C,c,161
103,353,0,0,0.22587719298245612,Rhpor C,c,186
190,0,0,155,0.4492753623188406,Rhpor C,a,189
190,0,152,2,0.4476744186046512,Rhpor C,a,191
113,0,190,142,0.5730337078651686,Rhpor C,g,192
0,0,1,372,0.002680965147453085,Rhpor C,t,201
1,384,0,0,0.0025974025974025983,Rhpor C,c,203
0,412,0,2,0.004830917874396157,Rhpor C,c,242
0,402,0,1,0.002481389578163795,Rhpor C,c,252
0,7,0,379,0.01813471502590669,Rhpor C,t,264
0,0,1,393,0.0025380710659898,Rhpor C,t,276
0,1,0,366,0.0027247956403270157,Rhpor C,t,281
0,0,367,1,0.0027173913043477826,Rhpor C,g,282
0,1,0,352,0.0028328611898017497,Rhpor C,t,285
3,0,358,0,0.008310249307479256,Rhpor C,g,290
0,322,0,1,0.003095975232198178,Rhpor C,c,310
0,323,0,4,0.012232415902140636,Rhpor C,c,315
0,319,0,3,0.009316770186335366,Rhpor C,c,317
1,312,1,0,0.006369426751592355,Rhpor C,c,325
3,0,310,0,0.009584664536741228,Rhpor C,g,327
3,0,311,0,0.009554140127388533,Rhpor C,g,328
0,1,306,0,0.0032573289902280145,Rhpor C,g,339
0,300,0,1,0.0033222591362126463,Rhpor C,c,349
0,273,0,15,0.05208333333333337,Rhpor C,c,354
0,247,0,29,0.10507246376811596,Rhpor C,c,366
0,249,0,28,0.10108303249097472,Rhpor C,c,367
0,280,1,0,0.003558718861209953,Rhpor C,c,370
0,0,1,274,0.0036363636363636598,Rhpor C,t,385
0,226,262,0,0.46311475409836067,Rhpor C,g,387
NA,NA,NA,NA,NA,NA,NA,NA
NA,NA,NA,NA,NA,NA,NA,NA
1,264,0,0,0.0037735849056603765,Rhpor C,c,417
1,0,263,0,0.0037878787878787845,Rhpor C,g,419
0,241,0,26,0.09737827715355807,Rhpor C,c,421
0,0,270,1,0.0036900369003689537,Rhpor C,g,424
0,26,0,250,0.09420289855072461,Rhpor C,t,427
0,0,1,288,0.0034602076124568004,Rhpor C,t,448
0,289,0,1,0.0034482758620689724,Rhpor C,c,465
1,0,290,0,0.0034364261168384758,Rhpor C,g,468
1,285,0,0,0.0034965034965035446,Rhpor C,c,477
1,0,291,0,0.003424657534246589,Rhpor C,g,479
0,1,0,311,0.0032051282051281937,Rhpor C,t,484
297,1,0,0,0.003355704697986628,Rhpor C,a,485
2,0,324,0,0.006134969325153339,Rhpor C,g,505
0,0,1,85,0.011627906976744207,Rhpa D,t,10
0,86,0,1,0.011494252873563204,Rhpa D,c,94
1,139,0,0,0.0071428571428571175,Rhpa D,c,186
0,1,154,0,0.006451612903225823,Rhpa D,g,225
1,0,113,0,0.00877192982456143,Rhpa D,g,326
0,0,104,1,0.00952380952380949,Rhpa D,g,353
1,109,0,0,0.009090909090909038,Rhpa D,c,367
0,80,97,0,0.45197740112994356,Rhpa D,g,387
NA,NA,NA,NA,NA,NA,NA,NA
NA,NA,NA,NA,NA,NA,NA,NA
0,1,91,0,0.010869565217391353,Rhpa D,g,419
0,93,0,1,0.010638297872340385,Rhpa D,c,421
0,1,0,97,0.010204081632653073,Rhpa D,t,427
1,0,107,0,0.0092592592592593,Rhpa D,g,455
1,127,0,0,0.0078125,Rhpa D,c,485
1,419,0,0,0.0023809523809523725,Rhpor D,c,20
384,0,1,0,0.0025974025974025983,Rhpor D,a,25
0,445,1,0,0.0022421524663677195,Rhpor D,c,30
410,2,0,0,0.004854368932038833,Rhpor D,a,46
0,1,0,458,0.002178649237472796,Rhpor D,t,55
0,0,1,481,0.0020746887966804906,Rhpor D,t,74
0,1,0,460,0.002169197396963085,Rhpor D,t,84
1,0,0,427,0.002336448598130869,Rhpor D,t,90
1,0,409,0,0.0024390243902439046,Rhpor D,g,102
1,0,413,0,0.0024154589371980784,Rhpor D,g,115
1,424,0,0,0.0023529411764705577,Rhpor D,c,121
0,486,1,0,0.002053388090349051,Rhpor D,c,147
1,0,530,0,0.0018832391713747842,Rhpor D,g,171
224,565,0,0,0.2839036755386565,Rhpor D,c,186
304,0,0,262,0.46289752650176674,Rhpor D,a,189
301,0,272,2,0.47652173913043483,Rhpor D,a,191
216,0,304,257,0.6087516087516087,Rhpor D,g,192
1,703,0,0,0.0014204545454545858,Rhpor D,c,214
0,1,0,723,0.0013812154696132284,Rhpor D,t,229
0,731,0,1,0.001366120218579181,Rhpor D,c,230
0,741,0,1,0.0013477088948786742,Rhpor D,c,240
1,732,0,0,0.0013642564802183177,Rhpor D,c,252
0,1,724,0,0.0013793103448276334,Rhpor D,g,253
0,1,0,704,0.0014184397163120588,Rhpor D,t,264
1,0,694,0,0.0014388489208633226,Rhpor D,g,270
1,671,0,0,0.0014880952380952328,Rhpor D,c,278
0,646,1,0,0.0015455950540957941,Rhpor D,c,289
1,618,0,0,0.001615508885298822,Rhpor D,c,301
0,1,0,600,0.0016638935108153063,Rhpor D,t,307
1,0,577,0,0.0017301038062284002,Rhpor D,g,311
0,0,554,1,0.0018018018018017834,Rhpor D,g,327
0,0,519,2,0.0038387715930902067,Rhpor D,g,331
0,532,0,1,0.0018761726078799779,Rhpor D,c,336
0,1,0,525,0.0019011406844106071,Rhpor D,t,341
0,522,0,1,0.0019120458891013214,Rhpor D,c,346
1,524,0,0,0.0019047619047618536,Rhpor D,c,359
0,1,0,521,0.0019157088122605526,Rhpor D,t,375
0,424,489,0,0.4644030668127054,Rhpor D,g,387
NA,NA,NA,NA,NA,NA,NA,NA
NA,NA,NA,NA,NA,NA,NA,NA
0,473,1,0,0.002109704641350185,Rhpor D,c,398
1,0,499,0,0.0020000000000000018,Rhpor D,g,418
1,0,484,0,0.0020618556701030855,Rhpor D,g,424
0,489,0,1,0.0020408163265306367,Rhpor D,c,425
0,513,0,1,0.0019455252918287869,Rhpor D,c,437
0,537,1,0,0.0018587360594795044,Rhpor D,c,447
0,524,1,0,0.0019047619047618536,Rhpor D,c,450
1,0,533,0,0.0018726591760299671,Rhpor D,g,455
0,0,1,542,0.0018416206261510082,Rhpor D,t,457
0,1,534,0,0.0018691588785046953,Rhpor D,g,460
1,517,0,0,0.0019305019305019266,Rhpor D,c,467
1,0,524,1,0.0038022813688213253,Rhpor D,g,480
0,533,0,1,0.0018726591760299671,Rhpor D,c,481
556,0,1,0,0.0017953321364452268,Rhpor D,a,485
1,609,1,0,0.00327332242225864,Rhpor D,c,501
0,590,0,1,0.0016920473773265332,Rhpor D,c,511
0,0,3,369,0.008064516129032251,Rhpol E,t,10
0,421,6,0,0.014051522248243575,Rhpol E,c,21
0,1,389,0,0.002564102564102555,Rhpol E,g,22
1,1,378,0,0.0052631578947368585,Rhpol E,g,26
0,327,2,0,0.006079027355623046,Rhpol E,c,27
0,1,322,0,0.003095975232198178,Rhpol E,g,31
1,0,0,329,0.00303030303030305,Rhpol E,t,44
1,320,0,0,0.0031152647975077885,Rhpol E,c,45
1,349,0,0,0.0028571428571428914,Rhpol E,c,49
0,1,0,358,0.0027855153203342198,Rhpol E,t,73
0,1,351,0,0.0028409090909090606,Rhpol E,g,76
0,0,1,301,0.0033112582781457123,Rhpol E,t,81
1,0,328,0,0.003039513677811523,Rhpol E,g,88
0,0,309,1,0.003225806451612856,Rhpol E,g,92
0,1,0,316,0.003154574132492094,Rhpol E,t,98
0,330,1,0,0.0030211480362537513,Rhpol E,c,101
0,1,0,340,0.0029325513196480912,Rhpol E,t,124
0,371,1,0,0.0026881720430107503,Rhpol E,c,129
1,0,359,0,0.002777777777777768,Rhpol E,g,131
1,0,396,0,0.0025188916876573986,Rhpol E,g,144
1,392,0,0,0.0025445292620864812,Rhpol E,c,145
1,0,440,0,0.0022675736961451642,Rhpol E,g,171
1,0,439,0,0.002272727272727315,Rhpol E,g,175
0,1,443,0,0.0022522522522522292,Rhpol E,g,177
1,447,0,0,0.0022321428571429047,Rhpol E,c,178
1,536,0,0,0.0018621973929237035,Rhpol E,c,209
0,529,1,0,0.0018867924528301883,Rhpol E,c,214
0,0,1,528,0.001890359168241984,Rhpol E,t,217
0,3,0,515,0.00579150579150578,Rhpol E,t,221
0,1,521,0,0.0019157088122605526,Rhpol E,g,225
0,0,514,1,0.001941747572815511,Rhpol E,g,226
1,0,522,0,0.0019120458891013214,Rhpol E,g,231
0,519,0,2,0.0038387715930902067,Rhpol E,c,252
1,0,519,0,0.0019230769230769162,Rhpol E,g,253
0,1,511,0,0.001953125,Rhpol E,g,258
1,0,499,0,0.0020000000000000018,Rhpol E,g,263
0,1,0,485,0.002057613168724326,Rhpol E,t,269
0,0,483,1,0.0020661157024793875,Rhpol E,g,290
1,0,462,0,0.002159827213822907,Rhpol E,g,302
0,455,0,1,0.002192982456140302,Rhpol E,c,305
0,1,0,434,0.0022988505747126853,Rhpol E,t,308
1,0,435,0,0.002293577981651418,Rhpol E,g,319
0,433,1,0,0.0023041474654378336,Rhpol E,c,325
0,0,392,2,0.005076142131979711,Rhpol E,g,331
1,0,422,0,0.0023640661938534313,Rhpol E,g,335
0,418,0,1,0.0023866348448687846,Rhpol E,c,336
1,416,0,0,0.0023980815347721673,Rhpol E,c,342
0,0,1,406,0.002457002457002422,Rhpol E,t,352
0,0,400,1,0.0024937655860348684,Rhpol E,g,353
1,399,0,0,0.0024999999999999467,Rhpol E,c,358
0,1,0,397,0.002512562814070307,Rhpol E,t,360
1,402,0,0,0.002481389578163795,Rhpol E,c,361
1,374,0,0,0.002666666666666706,Rhpol E,c,383
0,367,1,1,0.005420054200542035,Rhpol E,c,386
0,311,360,0,0.46348733233979134,Rhpol E,g,387
NA,NA,NA,NA,NA,NA,NA,NA
NA,NA,NA,NA,NA,NA,NA,NA
0,0,360,1,0.0027700831024930483,Rhpol E,g,401
1,0,0,357,0.0027932960893854997,Rhpol E,t,414
0,355,0,1,0.002808988764044895,Rhpol E,c,425
1,0,362,0,0.0027548209366391463,Rhpol E,g,426
0,368,0,1,0.0027100271002710175,Rhpol E,c,437
0,2,367,0,0.005420054200542035,Rhpol E,g,438
0,1,0,377,0.002645502645502673,Rhpol E,t,446
0,0,1,408,0.0024449877750610804,Rhpol E,t,457
0,389,0,1,0.002564102564102555,Rhpol E,c,469
0,397,0,1,0.002512562814070307,Rhpol E,c,477
0,1,402,0,0.002481389578163795,Rhpol E,g,479
0,435,0,1,0.002293577981651418,Rhpol E,c,491
1,0,0,462,0.002159827213822907,Rhpol E,t,499
1,0,0,253,0.003937007874015741,Rhpor E,t,39
1,252,0,0,0.0039525691699604515,Rhpor E,c,49
0,1,0,260,0.003831417624521105,Rhpor E,t,60
0,0,1,232,0.0042918454935622075,Rhpor E,t,81
1,0,232,0,0.0042918454935622075,Rhpor E,g,110
0,1,0,219,0.004545454545454519,Rhpor E,t,113
1,0,222,0,0.004484304932735439,Rhpor E,g,123
0,214,0,1,0.0046511627906976605,Rhpor E,c,125
1,0,240,0,0.004149377593360981,Rhpor E,g,143
0,1,0,260,0.003831417624521105,Rhpor E,t,159
124,298,0,0,0.29383886255924174,Rhpor E,c,186
155,0,0,138,0.4709897610921502,Rhpor E,a,189
154,0,137,1,0.4726027397260274,Rhpor E,a,191
96,0,154,128,0.5925925925925926,Rhpor E,g,192
1,337,0,0,0.00295857988165682,Rhpor E,c,203
0,347,0,1,0.002873563218390829,Rhpor E,c,206
0,0,363,1,0.0027472527472527375,Rhpor E,g,210
0,379,1,0,0.0026315789473684292,Rhpor E,c,216
0,0,378,1,0.0026385224274406704,Rhpor E,g,220
1,0,0,384,0.0025974025974025983,Rhpor E,t,229
0,0,388,1,0.0025706940874036244,Rhpor E,g,231
0,1,0,389,0.002564102564102555,Rhpor E,t,233
0,391,1,0,0.0025510204081632404,Rhpor E,c,240
1,385,0,1,0.0051679586563307955,Rhpor E,c,252
0,1,0,388,0.0025706940874036244,Rhpor E,t,262
0,0,385,1,0.002590673575129543,Rhpor E,g,263
0,1,1,374,0.005319148936170248,Rhpor E,t,293
1,0,340,0,0.0029325513196480912,Rhpor E,g,302
0,326,0,1,0.003058103975535187,Rhpor E,c,310
0,324,1,0,0.003076923076923088,Rhpor E,c,312
0,1,0,325,0.0030674846625766694,Rhpor E,t,316
0,0,1,304,0.003278688524590123,Rhpor E,t,320
0,314,1,0,0.0031746031746031633,Rhpor E,c,325
0,0,284,2,0.006993006993006978,Rhpor E,g,331
1,0,301,0,0.0033112582781457123,Rhpor E,g,343
0,286,0,1,0.0034843205574912606,Rhpor E,c,357
0,227,267,0,0.4595141700404858,Rhpor E,g,387
NA,NA,NA,NA,NA,NA,NA,NA
NA,NA,NA,NA,NA,NA,NA,NA
0,263,0,1,0.0037878787878787845,Rhpor E,c,402
1,0,275,0,0.0036231884057971175,Rhpor E,g,409
1,0,0,266,0.0037453183520599342,Rhpor E,t,410
0,0,293,1,0.003401360544217691,Rhpor E,g,436
0,294,0,1,0.003389830508474523,Rhpor E,c,477
0,0,305,1,0.0032679738562091387,Rhpor E,g,480
0,304,0,2,0.0065359477124182774,Rhpor E,c,481
319,0,1,0,0.0031250000000000444,Rhpor E,a,485
1,0,0,121,0.008196721311475419,Rhpol F,t,12
0,119,2,0,0.016528925619834656,Rhpol F,c,21
84,0,1,0,0.0117647058823529,Rhpol F,a,46
0,1,0,81,0.012195121951219523,Rhpol F,t,98
1,105,0,0,0.009433962264150941,Rhpol F,c,129
0,0,1,104,0.00952380952380949,Rhpol F,t,132
0,108,0,1,0.00917431192660545,Rhpol F,c,134
0,105,1,0,0.009433962264150941,Rhpol F,c,145
0,124,0,1,0.008000000000000007,Rhpol F,c,214
1,0,126,1,0.015625,Rhpol F,g,265
0,0,1,108,0.00917431192660545,Rhpol F,t,316
1,111,0,0,0.008928571428571397,Rhpol F,c,317
0,115,1,0,0.008620689655172376,Rhpol F,c,349
0,0,1,121,0.008196721311475419,Rhpol F,t,371
1,0,119,0,0.008333333333333304,Rhpol F,g,381
0,100,113,0,0.4694835680751174,Rhpol F,g,387
NA,NA,NA,NA,NA,NA,NA,NA
NA,NA,NA,NA,NA,NA,NA,NA
0,1,0,115,0.008620689655172376,Rhpol F,t,499
0,0,1,39,0.025000000000000022,Rhme F,t,81
1,0,44,0,0.022222222222222254,Rhme F,g,137
1,0,59,0,0.01666666666666672,Rhme F,g,171
60,0,0,65,0.48,Rhme F,t,192
0,1,0,83,0.011904761904761862,Rhme F,t,264
0,81,0,1,0.012195121951219523,Rhme F,c,315
0,78,0,1,0.012658227848101222,Rhme F,c,317
0,76,1,0,0.012987012987012991,Rhme F,c,325
0,0,74,1,0.013333333333333308,Rhme F,g,327
1,0,61,0,0.016129032258064502,Rhme F,g,353
0,1,0,61,0.016129032258064502,Rhme F,t,382
0,48,61,0,0.44036697247706424,Rhme F,g,387
NA,NA,NA,NA,NA,NA,NA,NA
NA,NA,NA,NA,NA,NA,NA,NA
NA,NA,NA,NA,NA,NA,NA,NA
1,0,69,0,0.014285714285714235,Rhme F,g,479
